gene_name	z_mean	pvalue	upregulated
CCHCR1	-6.852892468833891	4.333714985006775e-17	DOWN
