threshold	corr	p
10.0	-0.6666937223947136	0.061
5.0	-0.6666937223947136	0.061
1.0	-0.41443123283995714	0.168
0.5	0.01801874925391118	0.487
0.1	-0.2882999880625789	0.245
