threshold	corr	p
10.0	-0.333231474407945	0.057
5.0	-0.0016806722689075631	0.486
1.0	-0.10068754774637127	0.331
0.5	-0.08082505729564553	0.35
0.1	-0.11352177234530175	0.303
