threshold	corr	p
10.0	-0.05240641711229946	0.36
5.0	0.024904507257448433	0.438
1.0	-0.008708938120702826	0.49
0.5	-0.11046600458365163	0.267
0.1	0.2488922841864018	0.148
