gene_name	z_mean	pvalue	upregulated
NOTCH4	5.001010862484907	1.0353557669143495e-13	UP
