threshold	corr	p
10.0	-0.396412483586046	0.194
5.0	-0.5405624776173354	0.101
1.0	-0.34235623582431246	0.212
0.5	-0.2702812388086677	0.266
0.1	-0.23424374030084538	0.304
