gene_name	z_mean	pvalue	upregulated
CCHCR1	-6.852892468833891	4.333714985006775e-17	DOWN
HLA-DMA	-7.962396974872756	1.107194019048826e-16	DOWN
HLA-DMB	-7.659198481678841	1.8485926928509952e-15	DOWN
AGER	-5.629239052762742	7.431592323986794e-15	DOWN
BRD2	-4.131098897136711	1.3587186956524937e-13	DOWN
ZNF391	-3.4303723307932725	5.3805023114112565e-9	DOWN
