threshold	corr	p
10.0	-0.702731220902536	0.039
5.0	-0.7207499701564473	0.04
1.0	-0.504524979109513	0.13
0.5	-0.16216874328520064	0.337
0.1	0.12613124477737825	0.386
