threshold	corr	p
10.0	0.058823529411764705	0.365
5.0	-0.119938884644767	0.246
1.0	-0.03254392666157372	0.445
0.5	-0.12543926661573718	0.274
0.1	-0.26019862490450724	0.069
