gene_name	z_mean	pvalue
CCHCR1	-6.852892468833891	4.333714985006775e-17
HLA-DMA	-7.962396974872756	1.107194019048826e-16
HLA-DMB	-7.659198481678841	1.8485926928509952e-15
