threshold	corr	p
10.0	-0.02704354469060351	0.428
5.0	-0.08968678380443086	0.291
1.0	-0.01787624140565317	0.465
0.5	-0.035294117647058816	0.443
0.1	-0.11352177234530175	0.303
