threshold	corr	p
10.0	0.702731220902536	0.041
5.0	-0.6666937223947136	0.047
1.0	-0.2882999880625789	0.242
0.5	-0.2882999880625789	0.242
0.1	-0.2882999880625789	0.245
