threshold	corr	p
10.0	-0.21428571428571433	0.326
5.0	-0.25	0.288
1.0	-0.3214285714285715	0.24
0.5	-0.1785714285714286	0.348
0.1	-0.07142857142857144	0.452
