threshold	corr	p
10.0	-0.12836185968942534	0.233
5.0	-0.02551956020015956	0.44
1.0	0.168398534973508	0.125
0.5	0.02689486583968912	0.439
0.1	0.14838019733146668	0.147
