threshold	corr	p
10.0	-0.21103300979892428	0.086
5.0	-0.09734107693114755	0.266
1.0	-0.19086186041915745	0.111
0.5	0.0015281173772550634	0.488
0.1	-0.013600244657570067	0.462
