threshold	corr	p
10.0	0.04599633305537741	0.408
5.0	0.18856968435327484	0.125
1.0	0.20721271635578664	0.088
0.5	-0.11415036808095323	0.238
0.1	0.3236552605026225	0.011
