gene_name	z_mean	pvalue	upregulated
HLA-DMA	0.4196063002484789	0.00103203947281927	UP
