threshold	corr	p
10.0	-0.3571428571428572	0.21
5.0	-0.3571428571428572	0.2
1.0	-0.28571428571428575	0.268
0.5	-0.28571428571428575	0.252
0.1	-0.3214285714285715	0.23
