threshold	corr	p
10.0	-0.01466992682164861	0.462
5.0	0.07304401063279203	0.354
1.0	0.19345965996049105	0.084
0.5	0.0675427880746738	0.331
0.1	-0.013600244657570067	0.462
