gene_name	z_mean	pvalue
BRD2	-0.5046192520729577	2.6921601674997675e-5
CCHCR1	-1.0386665933123316	5.6421156230999e-4
HLA-DOA	-1.3888649685264518	5.8607487479039e-4
