threshold	corr	p
10.0	-0.42857142857142866	0.161
5.0	-0.25	0.283
1.0	0.21428571428571433	0.311
0.5	0.14285714285714288	0.389
0.1	-0.3214285714285715	0.23
