threshold	corr	p
10.0	-0.5	0.124
5.0	-0.6071428571428572	0.06
1.0	-0.1785714285714286	0.329
0.5	-0.21428571428571433	0.321
0.1	0.0	0.48
