gene_name	z_mean	pvalue	upregulated
BRD2	-0.5046192520729577	2.6921601674997675e-5	DOWN
