gene_name	z_mean	pvalue	upregulated
CADM2	-0.36573104147064744	1.6084925406089e-4	DOWN
