threshold	corr	p
10.0	0.0013765685467190152	0.498
5.0	0.08244116074239435	0.411
1.0	0.23814635858238964	0.316
0.5	0.04037934403709111	0.454
0.1	-0.22025096747504244	0.262
