threshold	corr	p
10.0	-0.09356014857063998	0.425
5.0	-0.05613608914238399	0.442
1.0	0.2806804457119199	0.271
0.5	0.09356014857063998	0.427
0.1	0.3368165348543039	0.213
