threshold	corr	p
10.0	-0.1324564846065186	0.25
5.0	0.09253599675166713	0.34
1.0	-0.0951361817843586	0.305
0.5	-0.14484560152698975	0.263
0.1	-0.196237493937833	0.204
