gene_name	z_mean	pvalue	upregulated
CADM2	-0.36573104147064744	1.6084925406089e-4	DOWN
PTPN20	-1.5999623703368224	7.9985566160256e-4	DOWN
ARL17B	-0.8340119365312768	9.9086722508196e-4	DOWN
HAP1	-0.8392680032950066	0.00112823032469847	DOWN
RGS5	-3.1928170842614274	0.00140892163573601	DOWN
AADAT	-1.8655465677232743	0.00295895409240832	DOWN
