threshold	corr	p
10.0	0.06576938612101962	0.41
5.0	0.17696553428376677	0.242
1.0	0.3563783015394784	0.071
0.5	0.2592537429654146	0.249
0.1	0.38666280956729676	0.11
