threshold	corr	p
10.0	-0.18712029714127995	0.349
5.0	0.0	0.477
1.0	-0.24325638628366394	0.297
0.5	0.18712029714127995	0.348
0.1	0.24325638628366394	0.29
