threshold	corr	p
10.0	-0.05338026920054848	0.423
5.0	0.41251170783346497	0.073
1.0	-0.15050482777461235	0.252
0.5	-0.09972474360675534	0.334
0.1	0.15891719111567298	0.195
