threshold	corr	p
10.0	-0.09356014857063998	0.416
5.0	0.03742405942825599	0.476
1.0	-0.4865127725673279	0.131
0.5	-0.3929526239966879	0.189
0.1	-0.7297691588509918	0.04
