gene_name	z_mean	pvalue	upregulated
GABBR1	4.2123718326074435	4.0626083500363315e-5	UP
