threshold	corr	p
10.0	-0.02737841887363375	0.435
5.0	0.09085352408345501	0.335
1.0	0.09375961323763961	0.328
0.5	0.024166425597956048	0.461
0.1	-0.17956571931645823	0.221
