threshold	corr	p
10.0	0.4490887131390719	0.154
5.0	0.20583232685540795	0.316
1.0	-0.26196841599779186	0.289
0.5	0.16840826742715195	0.348
0.1	-0.07484811885651198	0.444
