threshold	corr	p
10.0	-0.09356014857063998	0.416
5.0	-0.09356014857063998	0.416
1.0	-0.09356014857063998	0.416
0.5	0.0	0.473
0.1	-0.4865127725673279	0.129
