gene_name	z_mean	pvalue
GABBR1	4.2123718326074435	4.0626083500363315e-5
CCDC122	0.3519373720598368	1.4628124992299e-4
MANBA	1.5913479032307785	1.5065832454915e-4
