threshold	corr	p
10.0	-0.17963150971611472	0.179
5.0	-0.35190609753259333	0.029
1.0	-0.025289419029999084	0.426
0.5	0.2803293782173838	0.133
0.1	0.321405525490352	0.093
