threshold	corr	p
10.0	-0.11602478912551095	0.273
5.0	-0.1779455484474481	0.235
1.0	0.024216534586302154	0.458
0.5	-0.07264960375890646	0.349
0.1	-0.07525518026502757	0.349
