threshold	corr	p
10.0	-0.14414999403128945	0.347
5.0	0.0	0.476
1.0	-0.198206241793023	0.319
0.5	-0.198206241793023	0.319
0.1	-0.054056247761733546	0.434
