threshold	corr	p
10.0	-0.14414999403128945	0.347
5.0	0.03603749850782236	0.484
1.0	-0.7748062179181807	0.029
0.5	0.054056247761733546	0.467
0.1	-0.14414999403128945	0.36
