threshold	corr	p
10.0	0.2524343826812636	0.131
5.0	0.15127670656126724	0.273
1.0	0.12997228689357107	0.274
0.5	-0.4138268568545305	0.021
0.1	-0.4357443533471963	0.002
