gene_name	z_mean	pvalue	upregulated
CCDC184	-3.5485025171334836	2.135387675965988e-6	DOWN
