gene_name	z_mean	pvalue
TIE1	5.079736811372541	1.0184294784889348e-7
CCDC184	-3.5485025171334836	2.135387675965988e-6
ARTN	4.871415978445411	2.4391377614665205e-6
