threshold	corr	p
10.0	-0.30040764423514066	0.049
5.0	-0.4007989743239249	0.009
1.0	-0.0450611466352711	0.412
0.5	0.4444806981030142	0.031
0.1	0.5681689475406462	0.0
