gene_name	z_mean	pvalue	upregulated
CCDC184	-3.5485025171334836	2.135387675965988e-6	DOWN
HYAL3	-4.503336648283448	3.518533575627757e-6	DOWN
DECR2	-0.15307240253523885	3.946152984816901e-6	DOWN
OSBPL6	-1.3001752499795445	5.161432378207753e-6	DOWN
SEMA3B	-4.48796135539664	7.190796825353947e-6	DOWN
DENND1B	-4.028138117137288	5.62203143568597e-5	DOWN
