threshold	corr	p
10.0	0.9189562119494703	0.002
5.0	0.054056247761733546	0.47
1.0	-0.396412483586046	0.181
0.5	0.37839373433213486	0.192
0.1	-0.34235623582431246	0.218
