gene_name	z_mean	pvalue	upregulated
TIE1	5.079736811372541	1.0184294784889348e-7	UP
