threshold	corr	p
10.0	-0.14414999403128945	0.347
5.0	-0.198206241793023	0.319
1.0	-0.504524979109513	0.133
0.5	-0.03603749850782236	0.455
0.1	-0.18018749253911182	0.333
