threshold	corr	p
10.0	0.06737967914438502	0.336
5.0	-0.019404125286478224	0.44
1.0	0.08724216959511077	0.344
0.5	0.04568372803666921	0.416
0.1	-0.05240641711229946	0.391
