threshold	corr	p
10.0	-0.1257448433919022	0.247
5.0	-0.19511077158135978	0.142
1.0	0.0007639419404125285	0.524
0.5	0.0267379679144385	0.473
0.1	-0.02857142857142857	0.426
