threshold	corr	p
10.0	0.20916730328495034	0.132
5.0	0.1679144385026738	0.185
1.0	0.033460656990068754	0.439
0.5	0.10129870129870129	0.285
0.1	-0.18349885408708938	0.146
