threshold	corr	p
10.0	0.31367456073338423	0.09
5.0	0.4557677616501145	0.01
1.0	0.17494270435446904	0.153
0.5	0.024904507257448433	0.479
0.1	-0.025210084033613443	0.434
