threshold	corr	p
10.0	-0.4642857142857144	0.132
5.0	-0.21428571428571433	0.326
1.0	-0.28571428571428575	0.272
0.5	-0.07142857142857144	0.443
0.1	0.42857142857142866	0.171
