threshold	corr	p
10.0	-0.5714285714285715	0.089
5.0	-0.3214285714285715	0.229
1.0	0.21428571428571433	0.303
0.5	0.5714285714285715	0.083
0.1	0.5	0.121
