threshold	corr	p
10.0	-0.42857142857142866	0.163
5.0	-0.14285714285714288	0.376
1.0	0.39285714285714296	0.184
0.5	0.642857142857143	0.055
0.1	0.42857142857142866	0.171
