threshold	corr	p
10.0	-0.42857142857142866	0.162
5.0	-0.4642857142857144	0.133
1.0	-0.25	0.287
0.5	-0.5714285714285715	0.09
0.1	-0.7142857142857144	0.037
