gene_name	z_mean	pvalue
KCNG1	5.134983648919598	2.8216855521173816e-7
UCN	5.050512390445699	4.406265276731804e-7
CTSF	-3.520922144474278	5.915201463345701e-7
