gene_name	z_mean	pvalue	upregulated
CTSF	-3.520922144474278	5.915201463345701e-7	DOWN
SPRED1	-2.8674837094367764	4.6602764655871655e-6	DOWN
CYP11A1	-2.2108295157650337	6.867226244014402e-6	DOWN
ASPHD1	-1.9461935428120705	7.102490504166725e-5	DOWN
CDHR1	-3.577649915351212	1.6508441758577e-4	DOWN
CYP2J2	-0.9418797828993928	1.9573573931154e-4	DOWN
