gene_name	z_mean	pvalue	upregulated
CTSF	-3.520922144474278	5.915201463345701e-7	DOWN
