gene_name	z_mean	pvalue	upregulated
KCNG1	5.134983648919598	2.8216855521173816e-7	UP
