threshold	corr	p
10.0	-0.40840336134453775	0.122
5.0	-0.43743315508021385	0.098
1.0	-0.5174942704354469	0.056
0.5	-0.5159663865546218	0.036
0.1	0.02215431627196333	0.408
