threshold	corr	p
10.0	-0.011764705882352941	0.512
5.0	-0.20183346065699004	0.166
1.0	0.22261268143621082	0.125
0.5	0.5446906035141329	0.005
0.1	-0.21405653170359049	0.212
