threshold	corr	p
10.0	-0.1706646294881589	0.245
5.0	-0.3207028265851795	0.133
1.0	-0.006264323911382734	0.547
0.5	0.40290297937356756	0.003
0.1	-0.05240641711229946	0.452
