threshold	corr	p
10.0	-0.2516424751718869	0.211
5.0	-0.45210084033613446	0.083
1.0	-0.3475935828877005	0.124
0.5	-0.16485867074102367	0.284
0.1	-0.11199388846447668	0.36
