threshold	corr	p
10.0	0.10714285714285716	0.422
5.0	0.0	0.468
1.0	-0.14285714285714288	0.375
0.5	0.14285714285714288	0.39
0.1	0.3214285714285715	0.251
