threshold	corr	p
10.0	0.07142857142857144	0.418
5.0	0.3214285714285715	0.24
1.0	0.21428571428571433	0.349
0.5	0.5714285714285715	0.097
0.1	0.21428571428571433	0.335
