threshold	corr	p
10.0	-0.03571428571428572	0.472
5.0	-0.03571428571428572	0.472
1.0	0.3214285714285715	0.239
0.5	0.28571428571428575	0.277
0.1	0.42857142857142866	0.184
