threshold	corr	p
10.0	0.25	0.285
5.0	0.4642857142857144	0.152
1.0	0.5	0.134
0.5	0.14285714285714288	0.399
0.1	0.42857142857142866	0.184
