gene_name	z_mean	pvalue	upregulated
RHBDD3	1.6645650594470596	7.635362433750721e-5	UP
