gene_name	z_mean	pvalue	upregulated
SPINK8	-5.240052589186563	1.7601018589239165e-7	DOWN
PROS1	-0.9851798378651718	8.359447355833293e-5	DOWN
MAPK8IP2	-2.620147602317695	7.0786921732329e-4	DOWN
KCNAB3	-1.4070185137703282	7.0892271730109e-4	DOWN
TLE6	-3.3829772131416034	7.1704581492255e-4	DOWN
ALDH16A1	-2.7053851236393895	7.3580058140701e-4	DOWN
EPHA3	-1.054460392677128	8.3154864835999e-4	DOWN
