gene_name	z_mean	pvalue
SPINK8	-5.240052589186563	1.7601018589239165e-7
RHBDD3	1.6645650594470596	7.635362433750721e-5
PROS1	-0.9851798378651718	8.359447355833293e-5
