gene_name	z_mean	pvalue	upregulated
SPINK8	-5.240052589186563	1.7601018589239165e-7	DOWN
