gene_name	z_mean	pvalue	upregulated
MICA	-1.5146977970022208	6.229058888757665e-7	DOWN
