threshold	corr	p
10.0	-0.42857142857142866	0.181
5.0	-0.4642857142857144	0.135
1.0	0.14285714285714288	0.376
0.5	0.6785714285714287	0.042
0.1	0.28571428571428575	0.265
