threshold	corr	p
10.0	-0.02780961120500631	0.404
5.0	0.2573153036770913	0.131
1.0	0.39636335970212283	0.031
0.5	0.4585529847594721	0.016
0.1	0.17098326889231896	0.197
