gene_name	z_mean	pvalue	upregulated
MICA	-1.5146977970022208	6.229058888757665e-7	DOWN
CTTNBP2	-1.9312300049222784	1.833050749147997e-6	DOWN
ZKSCAN7	-4.7011798411460015	2.586625745400575e-6	DOWN
CYP7B1	-0.6131009584912421	5.294692842153195e-6	DOWN
HSPA1L	-1.1296140056592836	5.728431896241725e-6	DOWN
SEMA3B	-4.524622632680101	6.05033630447751e-6	DOWN
