gene_name	z_mean	pvalue
NEGR1	5.604104353953254	1.8380838273781618e-15
LRFN5	3.963583769232253	5.399581977411881e-9
EHMT2	1.0495119894698703	3.730541826648067e-8
