threshold	corr	p
10.0	-0.42371457072243124	0.017
5.0	-0.20139048114394678	0.144
1.0	-0.2780961120500631	0.066
0.5	0.28894491642124687	0.094
0.1	0.4767361920858224	0.01
