threshold	corr	p
10.0	0.5286882130182518	0.005
5.0	0.54656582022147	0.003
1.0	0.5309802139417413	0.003
0.5	0.3136985263949338	0.06
0.1	0.21911528828559915	0.163
