threshold	corr	p
10.0	-0.14285714285714288	0.392
5.0	0.5714285714285715	0.091
1.0	0.5714285714285715	0.083
0.5	0.5714285714285715	0.083
0.1	0.3571428571428572	0.214
