threshold	corr	p
10.0	-0.4642857142857144	0.14
5.0	-0.6071428571428572	0.079
1.0	-0.3214285714285715	0.243
0.5	-0.6071428571428572	0.076
0.1	0.3571428571428572	0.214
