threshold	corr	p
10.0	-0.22125448914752274	0.11
5.0	0.08847123564669589	0.356
1.0	0.2718313095258584	0.12
0.5	0.4189777688138862	0.032
0.1	0.21911528828559915	0.163
