threshold	corr	p
10.0	-0.28571428571428575	0.249
5.0	-0.5	0.131
1.0	-0.3571428571428572	0.214
0.5	-0.5714285714285715	0.083
0.1	-0.25	0.27
