gene_name	z_mean	pvalue	upregulated
NEGR1	5.604104353953254	1.8380838273781618e-15	UP
